country,region,subregion,population,area,latitude,longitude,border_count,timezone_count,landlocked
Anguilla,Americas,Caribbean,16010,91.0,18.25,-63.16666666,0,1,False
Guatemala,Americas,Central America,18079810,108889.0,15.5,-90.25,4,1,False
Gambia,Africa,Western Africa,2422712,10689.0,13.46666666,-16.56666666,1,1,False
Mexico,Americas,North America,130575786,1964375.0,23.0,-102.0,3,3,False
Malawi,Africa,Eastern Africa,20734262,118484.0,-13.5,34.0,3,1,True
Pitcairn Islands,Oceania,Polynesia,35,47.0,-25.06666666,-130.1,0,1,False
Argentina,Americas,South America,46735004,2780400.0,-34.0,-64.0,5,1,False
Guam,Oceania,Micronesia,153836,549.0,13.46666666,144.78333333,0,1,False
Bulgaria,Europe,Southeast Europe,6437360,110879.0,43.0,25.0,5,1,False
Dominica,Americas,Caribbean,67408,751.0,15.41666666,-61.33333333,0,1,False
United Kingdom,Europe,Northern Europe,69281437,244376.0,54.0,-2.0,1,9,False
Micronesia,Oceania,Micronesia,105564,702.0,6.91666666,158.25,0,2,False
Palestine,Asia,Western Asia,5483450,6220.0,31.9,35.2,3,1,False
Curaçao,Americas,Caribbean,156115,444.0,12.116667,-68.933333,0,1,False
Rwanda,Africa,Eastern Africa,14104969,26338.0,-2.0,30.0,4,1,True
Hong Kong,Asia,Eastern Asia,7527500,1104.0,22.267,114.188,1,1,False
Uzbekistan,Asia,Central Asia,37859698,447400.0,41.0,64.0,5,1,True
China,Asia,Eastern Asia,1408280000,9706961.0,35.0,105.0,16,1,False
Cyprus,Europe,Southern Europe,1442614,9251.0,35.0,33.0,0,1,False
Aruba,Americas,Caribbean,107566,180.0,12.5,-69.96666666,0,1,False
Réunion,Africa,Eastern Africa,896175,2511.0,-21.15,55.5,0,1,False
South Korea,Asia,Eastern Asia,51159889,100210.0,37.0,127.5,1,1,False
Antarctica,Antarctic,,1300,14000000.0,-90.0,0.0,0,8,False
Somalia,Africa,Eastern Africa,19655000,637657.0,10.0,49.0,3,1,False
Lebanon,Asia,Western Asia,5490000,10452.0,33.83333333,35.83333333,2,1,False
Guinea,Africa,Western Africa,14363931,245857.0,11.0,-10.0,6,1,False
Tajikistan,Asia,Central Asia,10499000,143100.0,39.0,71.0,4,1,True
Malaysia,Asia,South-Eastern Asia,34231700,330803.0,2.5,112.5,3,1,False
North Korea,Asia,Eastern Asia,25950000,120538.0,40.0,127.0,3,1,False
Sierra Leone,Africa,Western Africa,9077691,71740.0,8.5,-11.5,2,1,False
Benin,Africa,Western Africa,13224860,112622.0,9.5,2.25,4,1,False
Italy,Europe,Southern Europe,58927633,301336.0,42.83333333,12.83333333,6,1,False
Trinidad and Tobago,Americas,Caribbean,1367764,5130.0,10.6918,-61.2225,0,1,False
Saudi Arabia,Asia,Western Asia,35300280,2149690.0,25.0,45.0,7,1,False
Costa Rica,Americas,Central America,5309625,51100.0,10.0,-84.0,2,1,False
Serbia,Europe,Southeast Europe,6567783,77589.0,44.0,21.0,8,1,True
Tokelau,Oceania,Polynesia,2608,12.0,-9.0,-172.0,0,1,False
Mongolia,Asia,Eastern Asia,3544835,1564110.0,46.0,105.0,2,2,True
Brunei,Asia,South-Eastern Asia,455500,5765.0,4.5,114.66666666,1,1,False
Hungary,Europe,Central Europe,9539502,93028.0,47.0,20.0,7,1,True
Mozambique,Africa,Eastern Africa,34090466,801590.0,-18.25,35.0,6,1,False
Kiribati,Oceania,Micronesia,120740,811.0,1.41666666,173.0,0,3,False
Haiti,Americas,Caribbean,11867032,27750.0,19.0,-72.41666666,1,1,False
Cambodia,Asia,South-Eastern Asia,17577760,181035.0,13.0,105.0,3,1,False
Egypt,Africa,Northern Africa,107271260,1002450.0,27.0,30.0,4,1,False
Turkmenistan,Asia,Central Asia,7057841,488100.0,40.0,60.0,4,1,True
Oman,Asia,Western Asia,5343630,309500.0,21.0,57.0,3,1,False
Jamaica,Americas,Caribbean,2825544,10991.0,18.25,-77.5,0,1,False
Azerbaijan,Asia,Western Asia,10241722,86600.0,40.5,47.5,5,1,True
Slovakia,Europe,Central Europe,5413813,49037.0,48.66666666,19.5,5,1,True
Belarus,Europe,Eastern Europe,9109280,207600.0,53.0,28.0,5,1,True
Vietnam,Asia,South-Eastern Asia,101343800,331212.0,16.16666666,107.83333333,3,1,False
United States Virgin Islands,Americas,Caribbean,87146,347.0,18.35,-64.933333,0,1,False
Gibraltar,Europe,Southern Europe,38000,6.0,36.13333333,-5.35,1,1,False
Sint Maarten,Americas,Caribbean,41349,34.0,18.033333,-63.05,1,1,False
Åland Islands,Europe,Northern Europe,30654,1580.0,60.116667,19.9,0,1,False
Syria,Asia,Western Asia,25620000,185180.0,35.0,38.0,5,1,False
Martinique,Americas,Caribbean,349925,1128.0,14.666667,-61.0,0,1,False
Greenland,Americas,North America,56542,2166086.0,72.0,-40.0,0,4,False
Honduras,Americas,Central America,9892632,112492.0,15.0,-86.5,3,1,False
Tunisia,Africa,Northern Africa,11972169,163610.0,34.0,9.0,2,1,False
Comoros,Africa,Eastern Africa,919901,1862.0,-12.16666666,44.25,0,1,False
Slovenia,Europe,Central Europe,2130638,20273.0,46.11666666,14.81666666,4,1,False
Switzerland,Europe,Western Europe,9082848,41284.0,47.0,8.0,5,1,True
Guernsey,Europe,Northern Europe,64781,78.0,49.46666666,-2.58333333,0,1,False
Myanmar,Asia,South-Eastern Asia,51316756,676578.0,22.0,98.0,5,1,False
Paraguay,Americas,South America,6109644,406752.0,-23.0,-58.0,3,1,True
Caribbean Netherlands,Americas,Caribbean,31980,328.0,12.18,-68.25,0,1,False
Barbados,Americas,Caribbean,267800,430.0,13.16666666,-59.53333333,0,1,False
Macau,Asia,Eastern Asia,685900,30.0,22.16666666,113.55,1,1,False
Jordan,Asia,Western Asia,11734000,89342.0,31.0,36.0,5,1,False
Laos,Asia,South-Eastern Asia,7647000,236800.0,18.0,105.0,5,1,True
Togo,Africa,Western Africa,8095498,56785.0,8.0,1.16666666,3,1,False
Morocco,Africa,Northern Africa,36828330,446550.0,32.0,-5.0,3,1,False
Puerto Rico,Americas,Caribbean,3203295,8870.0,18.25,-66.5,0,1,False
French Guiana,Americas,South America,292354,83534.0,4.0,-53.0,2,1,False
Saint Pierre and Miquelon,Americas,North America,5819,242.0,46.83333333,-56.33333333,0,1,False
Saint Martin,Americas,Caribbean,31496,53.0,18.0708,-63.0501,1,1,False
Estonia,Europe,Northern Europe,1369995,45227.0,59.0,26.0,2,1,False
Indonesia,Asia,South-Eastern Asia,284438782,1904569.0,-5.0,120.0,3,3,False
Seychelles,Africa,Eastern Africa,122729,452.0,-4.58333333,55.66666666,0,1,False
Mali,Africa,Western Africa,22395489,1240192.0,17.0,-4.0,7,1,True
Timor-Leste,Asia,South-Eastern Asia,1391221,14874.0,-8.83333333,125.91666666,1,1,False
Brazil,Americas,South America,213421037,8515767.0,-10.0,-55.0,10,4,False
Ghana,Africa,Western Africa,33742380,238533.0,8.0,-2.0,3,1,False
Kenya,Africa,Eastern Africa,53330978,580367.0,1.0,38.0,5,1,False
Iceland,Europe,Northern Europe,391810,103000.0,65.0,-18.0,0,1,False
Madagascar,Africa,Eastern Africa,31727042,587041.0,-20.0,47.0,0,1,False
Bangladesh,Asia,Southern Asia,169828911,147570.0,24.0,90.0,2,1,False
DR Congo,Africa,Middle Africa,112832000,2344858.0,0.0,25.0,9,2,False
Zimbabwe,Africa,Southern Africa,17073087,390757.0,-20.0,30.0,4,1,True
French Polynesia,Oceania,Polynesia,279500,4167.0,-17.6797,-149.4068,0,3,False
Turkey,Asia,Western Asia,85664944,783562.0,39.0,35.0,8,1,False
Cape Verde,Africa,Western Africa,491233,4033.0,16.5388,-23.0418,0,1,False
Dominican Republic,Americas,Caribbean,10771504,48671.0,19.0,-70.66666666,1,1,False
Bahamas,Americas,Caribbean,398165,13943.0,25.0343,-77.3963,0,1,False
Germany,Europe,Western Europe,83491249,357114.0,51.0,9.0,9,1,False
Suriname,Americas,South America,616500,163820.0,4.0,-56.0,3,1,False
Tonga,Oceania,Polynesia,100179,747.0,-20.0,-175.0,0,1,False
British Indian Ocean Territory,Africa,Eastern Africa,0,60.0,-6.0,71.5,0,1,False
Saint Lucia,Americas,Caribbean,184100,616.0,13.88333333,-60.96666666,0,1,False
Ireland,Europe,Northern Europe,5458600,70273.0,53.0,-8.0,1,1,False
Vatican City,Europe,Southern Europe,882,0.49,41.9,12.45,1,1,True
Colombia,Americas,South America,53057212,1141748.0,4.0,-72.0,5,1,False
Portugal,Europe,Southern Europe,10749635,92090.0,39.5,-8.0,1,2,False
Faroe Islands,Europe,Northern Europe,54885,1393.0,62.0,-7.0,0,1,False
São Tomé and Príncipe,Africa,Middle Africa,209607,964.0,1.0,7.0,0,1,False
Northern Mariana Islands,Oceania,Micronesia,47329,464.0,15.2,145.75,0,1,False
Jersey,Europe,Northern Europe,103267,116.0,49.25,-2.16666666,0,1,False
Mayotte,Africa,Eastern Africa,320901,374.0,-12.83333333,45.16666666,0,1,False
Yemen,Asia,Western Asia,32684503,527968.0,15.0,48.0,2,1,False
Nigeria,Africa,Western Africa,223800000,923768.0,10.0,8.0,4,1,False
Afghanistan,Asia,Southern Asia,43844000,652230.0,33.0,65.0,6,1,True
Botswana,Africa,Southern Africa,2359609,582000.0,-22.0,24.0,4,1,True
Isle of Man,Europe,Northern Europe,84530,572.0,54.25,-4.5,0,1,False
El Salvador,Americas,Central America,6029976,21041.0,13.83333333,-88.91666666,2,1,False
Uganda,Africa,Eastern Africa,45905417,241550.0,1.0,32.0,5,1,True
Andorra,Europe,Southern Europe,88406,468.0,42.5,1.5,2,1,True
Turks and Caicos Islands,Americas,Caribbean,50828,948.0,21.75,-71.58333333,0,1,False
Chad,Africa,Middle Africa,19340757,1284000.0,15.0,19.0,6,1,True
Finland,Europe,Northern Europe,5650325,338455.0,64.0,26.0,3,1,False
Russia,Europe,Eastern Europe,146028325,17098246.0,60.0,100.0,14,9,False
Kazakhstan,Asia,Central Asia,20426568,2724900.0,48.0196,66.9237,5,2,True
Svalbard and Jan Mayen,Europe,Northern Europe,2530,61399.0,78.0,20.0,0,1,False
Venezuela,Americas,South America,28517000,916445.0,8.0,-66.0,3,1,False
Monaco,Europe,Western Europe,38423,2.02,43.73333333,7.4,1,1,False
Senegal,Africa,Western Africa,18593258,196722.0,14.0,-14.0,5,1,False
Nepal,Asia,Southern Asia,29911840,147181.0,28.0,84.0,2,1,True
United Arab Emirates,Asia,Western Asia,11294243,83600.0,24.0,54.0,2,1,False
Taiwan,Asia,Eastern Asia,23317031,36197.0,23.5,121.0,0,1,False
New Caledonia,Oceania,Melanesia,264596,18575.0,-21.5,165.5,0,1,False
Bolivia,Americas,South America,11365333,1098581.0,-17.0,-65.0,5,1,True
Chile,Americas,South America,20206953,756102.0,-30.0,-71.0,3,2,False
Ivory Coast,Africa,Western Africa,31719275,322463.0,8.0,-5.0,5,1,False
Libya,Africa,Northern Africa,7459000,1759540.0,25.0,17.0,6,1,False
Peru,Americas,South America,34350244,1285216.0,-10.0,-76.0,5,1,False
Canada,Americas,North America,41651653,9984670.0,60.0,-95.0,1,6,False
France,Europe,Western Europe,66351959,543908.0,46.0,2.0,8,14,False
Djibouti,Africa,Eastern Africa,1066809,23200.0,11.5,43.0,3,1,False
Burundi,Africa,Eastern Africa,12332788,27834.0,-3.5,30.0,3,1,True
Kosovo,Europe,Southeast Europe,1585566,10908.0,42.666667,21.166667,4,1,True
Denmark,Europe,Northern Europe,6011488,43094.0,56.0,10.0,1,5,False
Greece,Europe,Southern Europe,10400720,131990.0,39.0,22.0,4,1,False
Czechia,Europe,Central Europe,10882341,78865.0,49.75,15.5,4,1,True
Eritrea,Africa,Eastern Africa,3607000,117600.0,15.0,39.0,3,1,False
Namibia,Africa,Southern Africa,3022401,825615.0,-22.0,17.0,4,1,False
British Virgin Islands,Americas,Caribbean,39471,151.0,18.431383,-64.62305,0,1,False
Iran,Asia,Southern Asia,85961000,1648195.0,32.0,53.0,7,1,False
Equatorial Guinea,Africa,Middle Africa,1668768,28051.0,2.0,10.0,2,1,False
Mauritania,Africa,Western Africa,4927532,1030700.0,20.0,-12.0,4,1,False
Bahrain,Asia,Western Asia,1594654,765.0,26.0,50.55,0,1,False
Cocos (Keeling) Islands,Oceania,Australia and New Zealand,593,14.0,-12.1642,96.871,0,1,False
Ethiopia,Africa,Eastern Africa,111652998,1104300.0,8.0,38.0,6,1,True
Zambia,Africa,Eastern Africa,19693423,752612.0,-15.0,30.0,8,1,True
Bosnia and Herzegovina,Europe,Southeast Europe,3422000,51209.0,44.0,18.0,3,1,False
Falkland Islands,Americas,South America,3662,12173.0,-51.75,-59.0,0,1,False
Grenada,Americas,Caribbean,109021,344.0,12.11666666,-61.66666666,0,1,False
Thailand,Asia,South-Eastern Asia,65859640,513120.0,15.0,100.0,4,1,False
Romania,Europe,Southeast Europe,19036031,238391.0,46.0,25.0,5,1,False
Saint Vincent and the Grenadines,Americas,Caribbean,110872,389.0,13.25,-61.2,0,1,False
Liberia,Africa,Western Africa,5248621,111369.0,6.5,-9.5,3,1,False
United States,Americas,North America,340110988,9525067.0,38.0,-97.0,2,11,False
South Sudan,Africa,Middle Africa,15786898,619745.0,7.0,30.0,6,1,True
Bouvet Island,Antarctic,,0,49.0,-54.4208,3.3464,0,1,False
Armenia,Asia,Western Asia,3076200,29743.0,40.0,45.0,4,1,True
Japan,Asia,Eastern Asia,123210000,377930.0,36.0,138.0,0,1,False
Pakistan,Asia,Southern Asia,241499431,796095.0,30.0,70.0,4,1,False
Eswatini,Africa,Southern Africa,1235549,17364.0,-26.5,31.5,2,1,True
Liechtenstein,Europe,Western Europe,40900,160.0,47.26666666,9.53333333,2,1,True
Israel,Asia,Western Asia,10134800,21937.0,31.47,35.13,5,1,False
American Samoa,Oceania,Polynesia,49710,199.0,-14.33333333,-170.0,0,1,False
Sri Lanka,Asia,Southern Asia,21763170,65610.0,7.0,81.0,0,1,False
South Georgia,Antarctic,,0,3903.0,-54.5,-37.0,0,1,False
Albania,Europe,Southeast Europe,2363314,28748.0,41.0,20.0,4,1,False
Algeria,Africa,Northern Africa,47400000,2381741.0,28.0,3.0,7,1,False
Ukraine,Europe,Eastern Europe,32862000,603550.0,49.0,32.0,7,1,False
"Saint Helena, Ascension and Tristan da Cunha",Africa,Western Africa,5651,394.0,-15.95,-5.72,0,1,False
Heard Island and McDonald Islands,Antarctic,,0,412.0,-53.0818,73.5042,0,1,False
San Marino,Europe,Southern Europe,34132,61.0,43.76666666,12.41666666,1,1,True
Cuba,Americas,Caribbean,9748007,109884.0,21.5,-80.0,0,1,False
Nauru,Oceania,Micronesia,11680,21.0,-0.53333333,166.91666666,0,1,False
Spain,Europe,Southern Europe,49315949,505992.0,40.0,-4.0,5,2,False
Kuwait,Asia,Western Asia,4881254,17818.0,29.5,45.75,2,1,False
Montserrat,Americas,Caribbean,4386,102.0,16.75,-62.2,0,1,False
Mauritius,Africa,Eastern Africa,1243741,2040.0,-20.28333333,57.55,0,1,False
Sweden,Europe,Northern Europe,10605098,450295.0,62.0,15.0,2,1,False
Australia,Oceania,Australia and New Zealand,27536874,7692024.0,-27.0,133.0,0,8,False
Cameroon,Africa,Middle Africa,29442327,475442.0,6.0,12.0,6,1,False
Ecuador,Americas,South America,18103660,276841.0,-2.0,-77.5,2,2,False
Qatar,Asia,Western Asia,3173024,11586.0,25.5,51.25,1,1,False
Marshall Islands,Oceania,Micronesia,42418,181.0,9.0,168.0,0,1,False
Poland,Europe,Central Europe,37392000,312679.0,52.0,20.0,7,1,False
Cayman Islands,Americas,Caribbean,84738,264.0,19.3133,-81.2546,0,1,False
South Africa,Africa,Southern Africa,63100945,1221037.0,-29.0,24.0,6,1,False
Wallis and Futuna,Oceania,Polynesia,11620,142.0,-13.3,-176.2,0,1,False
Samoa,Oceania,Polynesia,205557,2842.0,-13.58333333,-172.33333333,0,1,False
Netherlands,Europe,Western Europe,18100436,41865.0,52.5,5.75,2,1,False
Western Sahara,Africa,Northern Africa,600904,266000.0,24.5,-13.0,3,1,False
Montenegro,Europe,Southeast Europe,623327,13812.0,42.5,19.3,5,1,False
Bhutan,Asia,Southern Asia,784043,38394.0,27.5,90.5,2,1,True
Malta,Europe,Southern Europe,574250,316.0,35.9375,14.3754,0,1,False
Vanuatu,Oceania,Melanesia,321409,12189.0,-16.0,167.0,0,1,False
Tanzania,Africa,Eastern Africa,68153004,947303.0,-6.0,35.0,8,1,False
New Zealand,Oceania,Australia and New Zealand,5324700,268838.0,-41.0,174.0,0,5,False
Palau,Oceania,Micronesia,16733,459.0,7.5,134.5,0,1,False
Panama,Americas,Central America,4064780,75417.0,9.0,-80.0,2,1,False
Tuvalu,Oceania,Polynesia,10643,26.0,-8.0,178.0,0,1,False
Fiji,Oceania,Melanesia,900869,18272.0,-17.7134,178.065,0,1,False
Nicaragua,Americas,Central America,6803886,130373.0,13.0,-85.0,2,1,False
Kyrgyzstan,Asia,Central Asia,7281800,199951.0,41.0,75.0,4,1,True
French Southern and Antarctic Lands,Antarctic,,400,7747.0,-49.25,69.167,0,1,False
Latvia,Europe,Northern Europe,1829000,64559.0,57.0,25.0,4,1,False
Georgia,Asia,Western Asia,4000921,69700.0,42.0,43.5,4,1,False
Luxembourg,Europe,Western Europe,681973,2586.0,49.75,6.16666666,3,1,True
Austria,Europe,Central Europe,9200931,83871.0,47.33333333,13.33333333,8,1,True
North Macedonia,Europe,Southeast Europe,1822612,25713.0,41.83333333,22.0,5,1,True
Saint Barthélemy,Americas,Caribbean,10562,21.0,18.5,-63.41666666,0,1,False
Christmas Island,Oceania,Australia and New Zealand,1692,135.0,-10.5,105.66666666,0,1,False
Solomon Islands,Oceania,Melanesia,750325,28896.0,-8.0,159.0,0,1,False
Antigua and Barbuda,Americas,Caribbean,103603,442.0,17.05,-61.8,0,1,False
Iraq,Asia,Western Asia,46118793,438317.0,33.0,44.0,6,1,False
Moldova,Europe,Eastern Europe,2749076,33847.0,47.0,29.0,2,1,True
Norfolk Island,Oceania,Australia and New Zealand,2188,36.0,-29.03333333,167.95,0,1,False
Republic of the Congo,Africa,Middle Africa,6142180,342000.0,-1.0,15.0,5,1,False
Niue,Oceania,Polynesia,1681,260.0,-19.03333333,-169.86666666,0,1,False
Lithuania,Europe,Northern Europe,2894886,65300.0,56.0,24.0,4,1,False
Niger,Africa,Western Africa,26312034,1267000.0,16.0,8.0,7,1,True
Guyana,Americas,South America,772975,214969.0,5.0,-59.0,3,1,False
Bermuda,Americas,North America,64055,54.0,32.33333333,-64.75,0,1,False
Gabon,Africa,Middle Africa,2469296,267668.0,-1.0,11.75,3,1,False
Cook Islands,Oceania,Polynesia,15040,236.0,-21.23333333,-159.76666666,0,1,False
Angola,Africa,Middle Africa,36170961,1246700.0,-12.5,18.5,4,1,False
Norway,Europe,Northern Europe,5606944,386224.0,62.0,10.0,3,1,False
Guadeloupe,Americas,Caribbean,378561,1628.0,16.25,-61.583333,0,1,False
Maldives,Asia,Southern Asia,515132,300.0,3.25,73.0,0,1,False
Belgium,Europe,Western Europe,11825551,30528.0,50.83333333,4.0,4,1,False
Croatia,Europe,Southeast Europe,3866233,56594.0,45.16666666,15.5,5,1,False
Belize,Americas,Central America,417634,22966.0,17.25,-88.75,2,1,False
Saint Kitts and Nevis,Americas,Caribbean,51320,261.0,17.33333333,-62.75,0,1,False
Singapore,Asia,South-Eastern Asia,6110200,710.0,1.36666666,103.8,0,1,False
Lesotho,Africa,Southern Africa,2116427,30355.0,-29.5,28.5,1,1,True
Uruguay,Americas,South America,3499451,181034.0,-33.0,-56.0,2,1,False
Burkina Faso,Africa,Western Africa,24070553,272967.0,13.0,-2.0,6,1,True
India,Asia,Southern Asia,1417492000,3287263.0,20.0,77.0,6,1,False
Philippines,Asia,South-Eastern Asia,114123600,342353.0,13.0,122.0,0,1,False
Central African Republic,Africa,Middle Africa,6470307,622984.0,7.0,21.0,6,1,True
Sudan,Africa,Northern Africa,51662000,1886068.0,15.0,30.0,7,1,False
Guinea-Bissau,Africa,Western Africa,1781308,36125.0,12.0,-15.0,2,1,False
Papua New Guinea,Oceania,Melanesia,11781559,462840.0,-6.0,147.0,1,1,False
United States Minor Outlying Islands,Americas,North America,0,34.2,19.3,166.633333,0,3,False
